edge_count,edge_density,edge_percentage,mean_edge_intensity,label
6009,0.36676025390625,36.676025390625,122.65019137959727,1
5915,0.36102294921875,36.102294921875,130.97768385460694,1
5695,0.34759521484375,34.759521484375,120.6971027216857,1
6078,0.3709716796875,37.09716796875,130.41938137545245,1
5919,0.36126708984375,36.126708984375,131.2561243453286,1
5923,0.36151123046875,36.151123046875,136.59328043221342,1
5895,0.35980224609375,35.980224609375,129.37421543681086,1
5778,0.3526611328125,35.26611328125,123.32710280373831,1
5679,0.34661865234375,34.661865234375,124.1586546927276,1
5952,0.36328125,36.328125,128.6221438172043,1
5857,0.35748291015625,35.748291015625,124.68328495816971,1
5731,0.34979248046875,34.979248046875,125.00575815738964,1
5864,0.35791015625,35.791015625,126.26278990450204,1
5822,0.3553466796875,35.53466796875,122.35348677430436,1
5275,0.32196044921875,32.196044921875,120.26350710900473,1
6010,0.3668212890625,36.68212890625,129.32662229617304,1
5937,0.36236572265625,36.236572265625,131.1226208522823,1
5563,0.33953857421875,33.953857421875,123.7609203667086,1
5867,0.35809326171875,35.809326171875,127.32265212203852,1
5697,0.34771728515625,34.771728515625,125.57170440582763,1
5636,0.343994140625,34.3994140625,128.76579134137685,1
5625,0.34332275390625,34.332275390625,128.75377777777777,1
5057,0.30865478515625,30.865478515625,129.69942653747282,1
4970,0.3033447265625,30.33447265625,125.05472837022133,1
5421,0.33087158203125,33.087158203125,126.3228186681424,1
5345,0.32623291015625,32.623291015625,114.57586529466792,1
5366,0.3275146484375,32.75146484375,112.72698471859859,1
5608,0.34228515625,34.228515625,115.97485734664765,1
5234,0.3194580078125,31.94580078125,116.13450515857852,1
5289,0.32281494140625,32.281494140625,111.5587067498582,1
5648,0.3447265625,34.47265625,118.67811614730878,1
6143,0.37493896484375,37.493896484375,119.70812306690542,1
6127,0.37396240234375,37.396240234375,120.76122082585279,1
5719,0.34906005859375,34.906005859375,120.01171533484874,1
5867,0.35809326171875,35.809326171875,124.68058633032214,1
6229,0.38018798828125,38.018798828125,110.51725798683577,1
6012,0.366943359375,36.6943359375,117.40385894876913,1
6135,0.37445068359375,37.445068359375,124.72273838630807,1
5732,0.349853515625,34.9853515625,131.57501744591767,1
5694,0.3475341796875,34.75341796875,125.42658939234282,1
5970,0.3643798828125,36.43798828125,122.20150753768844,1
5737,0.35015869140625,35.015869140625,112.74028237754924,1
6102,0.3724365234375,37.24365234375,117.62848246476565,1
6101,0.37237548828125,37.237548828125,114.00229470578594,1
6140,0.374755859375,37.4755859375,125.89739413680782,1
6073,0.37066650390625,37.066650390625,118.50354026016795,1
5944,0.36279296875,36.279296875,122.83647375504711,1
6107,0.37274169921875,37.274169921875,127.0134272146717,1
6076,0.370849609375,37.0849609375,125.22103357472021,1
6097,0.37213134765625,37.213134765625,137.21764802361818,1
6109,0.37286376953125,37.286376953125,132.33164183990834,1
6062,0.3699951171875,36.99951171875,130.47476080501485,1
6150,0.3753662109375,37.53662109375,137.82390243902438,1
6116,0.373291015625,37.3291015625,130.36674296926097,1
6115,0.37322998046875,37.322998046875,128.49860997547015,1
5971,0.36444091796875,36.444091796875,130.88343661028304,1
6306,0.3848876953125,38.48876953125,132.1465271170314,1
6250,0.3814697265625,38.14697265625,130.98256,1
6166,0.3763427734375,37.63427734375,135.3139798897178,1
6225,0.37994384765625,37.994384765625,134.27614457831325,1
6246,0.3812255859375,38.12255859375,133.57909061799552,1
6199,0.37835693359375,37.835693359375,131.91869656396193,1
6116,0.373291015625,37.3291015625,125.01520601700457,1
6204,0.378662109375,37.8662109375,125.65151515151516,1
6229,0.38018798828125,38.018798828125,133.29940600417402,1
6222,0.3797607421875,37.97607421875,139.86194149791064,1
6294,0.3841552734375,38.41552734375,138.53415951700032,1
6297,0.38433837890625,38.433837890625,141.84691122756868,1
6149,0.37530517578125,37.530517578125,129.615221987315,1
6241,0.38092041015625,38.092041015625,139.92853709341452,1
6138,0.3746337890625,37.46337890625,140.51449983708048,1
6202,0.3785400390625,37.85400390625,141.91357626572074,1
6327,0.38616943359375,38.616943359375,137.4457088667615,1
6307,0.38494873046875,38.494873046875,143.7999048676074,1
6231,0.38031005859375,38.031005859375,139.7660086663457,1
6242,0.3809814453125,38.09814453125,141.7544056392182,1
6187,0.37762451171875,37.762451171875,141.1393243898497,1
6233,0.38043212890625,38.043212890625,144.9831541793679,1
6184,0.37744140625,37.744140625,142.3185640362225,1
6091,0.37176513671875,37.176513671875,132.71137744212774,1
6139,0.37469482421875,37.469482421875,125.17918227724385,1
6188,0.377685546875,37.7685546875,123.94893341952165,1
6077,0.37091064453125,37.091064453125,146.14777028138883,1
6181,0.37725830078125,37.725830078125,136.82705063905516,1
6095,0.37200927734375,37.200927734375,136.78063986874488,1
6127,0.37396240234375,37.396240234375,131.10200750775257,1
6197,0.37823486328125,37.823486328125,136.49572373729225,1
6223,0.37982177734375,37.982177734375,125.12469869837699,1
6161,0.37603759765625,37.603759765625,121.44668073364714,1
6280,0.38330078125,38.330078125,130.49649681528663,1
6038,0.3685302734375,36.85302734375,122.60814839350779,1
6402,0.3907470703125,39.07470703125,135.86035613870666,1
6372,0.388916015625,38.8916015625,132.91431261770245,1
6339,0.38690185546875,38.690185546875,143.84350843981701,1
6199,0.37835693359375,37.835693359375,145.20664623326343,1
6224,0.3798828125,37.98828125,145.12323264781492,1
6155,0.37567138671875,37.567138671875,132.9974004874086,1
6152,0.37548828125,37.548828125,132.55981794538363,1
6186,0.3775634765625,37.75634765625,129.38441642418363,1
6128,0.3740234375,37.40234375,134.91693864229765,1
6128,0.3740234375,37.40234375,134.91693864229765,1
5990,0.3656005859375,36.56005859375,172.56293823038396,1
5904,0.3603515625,36.03515625,126.98983739837398,1
5678,0.3465576171875,34.65576171875,128.3721380767876,1
6139,0.37469482421875,37.469482421875,128.18700114025086,1
6139,0.37469482421875,37.469482421875,150.03420752565563,1
6149,0.37530517578125,37.530517578125,152.04244592616686,1
6068,0.370361328125,37.0361328125,155.51153592617007,1
6186,0.3775634765625,37.75634765625,153.0100226317491,1
6193,0.37799072265625,37.799072265625,150.19425157435813,1
6058,0.3697509765625,36.97509765625,137.7213601848795,1
6069,0.37042236328125,37.042236328125,139.46927006096556,1
6201,0.37847900390625,37.847900390625,131.43025318497016,1
4535,0.27679443359375,27.679443359375,133.70871003307607,1
4942,0.3016357421875,30.16357421875,183.3093889113719,1
5908,0.360595703125,36.0595703125,172.38761002031146,1
6119,0.37347412109375,37.347412109375,169.657787220134,1
6129,0.37408447265625,37.408447265625,123.92494697340513,1
6064,0.3701171875,37.01171875,128.65484828496042,1
6071,0.37054443359375,37.054443359375,131.3885686048427,1
6054,0.3695068359375,36.95068359375,150.55302279484638,1
6139,0.37469482421875,37.469482421875,147.16077537058152,1
6154,0.3756103515625,37.56103515625,152.50487487812805,1
6039,0.36859130859375,36.859130859375,149.100347739692,1
6072,0.37060546875,37.060546875,145.90793807641634,1
6014,0.3670654296875,36.70654296875,142.46790821416695,1
6057,0.36968994140625,36.968994140625,141.41637774475814,1
5991,0.36566162109375,36.566162109375,146.87447838424302,1
6076,0.370849609375,37.0849609375,146.41589861751152,1
6230,0.3802490234375,38.02490234375,128.95794542536115,1
6249,0.38140869140625,38.140869140625,144.06369019043046,1
6234,0.3804931640625,38.04931640625,134.57747834456208,1
6266,0.3824462890625,38.24462890625,153.18225343121608,1
6193,0.37799072265625,37.799072265625,149.96980461811722,1
6148,0.375244140625,37.5244140625,155.45136629798307,1
6178,0.3770751953125,37.70751953125,145.9975720297831,1
5951,0.36322021484375,36.322021484375,125.88640564610989,1
6422,0.3919677734375,39.19677734375,153.98349423855495,1
6240,0.380859375,38.0859375,153.26939102564103,1
6246,0.3812255859375,38.12255859375,155.08693563880882,1
5923,0.36151123046875,36.151123046875,130.79588046598008,1
6001,0.36627197265625,36.627197265625,170.31694717547074,1
5878,0.3587646484375,35.87646484375,172.88601565158217,1
5957,0.36358642578125,36.358642578125,173.04733926473057,1
5938,0.3624267578125,36.24267578125,170.53486022229706,1
6010,0.3668212890625,36.68212890625,172.6700499168053,1
5940,0.362548828125,36.2548828125,165.43367003367004,1
5849,0.35699462890625,35.699462890625,168.70986493417678,1
6104,0.37255859375,37.255859375,170.6897116644823,1
6033,0.36822509765625,36.822509765625,171.57400961379082,1
6134,0.3743896484375,37.43896484375,170.7050864036518,1
6170,0.3765869140625,37.65869140625,169.45510534846028,1
5724,0.349365234375,34.9365234375,134.98567435359888,1
6186,0.3775634765625,37.75634765625,177.81247979308114,1
6153,0.37554931640625,37.554931640625,177.33837152608484,1
5883,0.35906982421875,35.906982421875,180.8949515553289,1
5808,0.3544921875,35.44921875,190.13464187327824,1
6065,0.37017822265625,37.017822265625,182.25210222588623,1
5810,0.3546142578125,35.46142578125,187.95301204819276,1
6149,0.37530517578125,37.530517578125,182.32915921288014,1
6249,0.38140869140625,38.140869140625,181.29060649703953,1
6183,0.37738037109375,37.738037109375,182.50574154940966,1
6122,0.3736572265625,37.36572265625,184.29777850375694,1
6225,0.37994384765625,37.994384765625,176.25333333333333,1
6254,0.3817138671875,38.17138671875,172.33658458586504,1
6126,0.3739013671875,37.39013671875,183.6975187724453,1
6124,0.373779296875,37.3779296875,171.95329849771392,1
6081,0.37115478515625,37.115478515625,177.85265581318862,1
5753,0.35113525390625,35.113525390625,185.52233617243178,1
6061,0.36993408203125,36.993408203125,181.48968817026892,1
5349,0.32647705078125,32.647705078125,132.45821648906337,1
5843,0.35662841796875,35.662841796875,175.1947629642307,1
5849,0.35699462890625,35.699462890625,169.75089758933152,1
5948,0.363037109375,36.3037109375,175.91106254203095,1
6054,0.3695068359375,36.95068359375,170.52675916749257,1
6015,0.36712646484375,36.712646484375,169.0513715710723,1
5996,0.365966796875,36.5966796875,171.09623082054702,1
6097,0.37213134765625,37.213134765625,168.54436608167953,1
6132,0.374267578125,37.4267578125,173.31294846705805,1
6206,0.3787841796875,37.87841796875,169.09684176603287,1
6230,0.3802490234375,38.02490234375,164.72728731942215,1
6228,0.380126953125,38.0126953125,158.1112716763006,1
6220,0.379638671875,37.9638671875,173.18585209003214,1
5868,0.358154296875,35.8154296875,125.88957055214723,1
5983,0.36517333984375,36.517333984375,184.05482199565435,1
5949,0.36309814453125,36.309814453125,166.2894604135149,1
5830,0.3558349609375,35.58349609375,174.78970840480275,1
5979,0.36492919921875,36.492919921875,161.49757484529187,1
6030,0.3680419921875,36.80419921875,164.98524046434494,1
5926,0.3616943359375,36.16943359375,163.018393520081,1
6080,0.37109375,37.109375,167.93552631578947,1
5988,0.365478515625,36.5478515625,174.24832999331997,1
6059,0.36981201171875,36.981201171875,174.3734939759036,1
6057,0.36968994140625,36.968994140625,166.79214132408782,1
5967,0.36419677734375,36.419677734375,164.3413775766717,1
5911,0.36077880859375,36.077880859375,173.7328709186263,1
6041,0.36871337890625,36.871337890625,157.22893560668763,1
5989,0.36553955078125,36.553955078125,172.8665887460344,1
6038,0.3685302734375,36.85302734375,164.97946339847633,1
5942,0.3626708984375,36.26708984375,171.50992931672837,1
5038,0.3074951171875,30.74951171875,158.5782056371576,0
4737,0.28912353515625,28.912353515625,159.55942579691788,0
5041,0.30767822265625,30.767822265625,161.29418766117834,0
4802,0.2930908203125,29.30908203125,161.28113286130778,0
4500,0.274658203125,27.4658203125,168.246,0
4981,0.30401611328125,30.401611328125,168.36739610519976,0
4117,0.25128173828125,25.128173828125,161.48797668205003,0
3990,0.2435302734375,24.35302734375,162.27443609022558,0
4564,0.278564453125,27.8564453125,155.5008764241893,0
5006,0.3055419921875,30.55419921875,154.22832600878945,0
4977,0.30377197265625,30.377197265625,154.3325296363271,0
4505,0.27496337890625,27.496337890625,155.20443951165373,0
4504,0.27490234375,27.490234375,157.145648312611,0
4779,0.29168701171875,29.168701171875,156.43942247332077,0
4918,0.3001708984375,30.01708984375,153.40931272875153,0
4928,0.30078125,30.078125,150.77150974025975,0
5021,0.30645751953125,30.645751953125,148.75602469627563,0
4974,0.3035888671875,30.35888671875,149.49195818254927,0
4901,0.29913330078125,29.913330078125,151.98122832075086,0
4957,0.30255126953125,30.255126953125,151.82227153520273,0
4743,0.28948974609375,28.948974609375,153.68964790217163,0
4586,0.2799072265625,27.99072265625,155.85019624945485,0
4576,0.279296875,27.9296875,157.34222027972027,0
4619,0.28192138671875,28.192138671875,158.4191383416324,0
4680,0.28564453125,28.564453125,157.3636752136752,0
4529,0.27642822265625,27.642822265625,158.39434753808789,0
4803,0.29315185546875,29.315185546875,158.6081615656881,0
4764,0.290771484375,29.0771484375,159.76133501259446,0
4784,0.2919921875,29.19921875,166.9071906354515,0
4643,0.28338623046875,28.338623046875,160.2024553090674,0
4172,0.254638671875,25.4638671875,166.18408437200384,0
4513,0.27545166015625,27.545166015625,162.36228672723243,0
4700,0.286865234375,28.6865234375,167.57255319148936,0
4965,0.30303955078125,30.303955078125,168.4149043303122,0
4958,0.3026123046875,30.26123046875,162.52218636546993,0
4823,0.29437255859375,29.437255859375,160.96143479162347,0
4917,0.30010986328125,30.010986328125,158.57982509660363,0
4893,0.29864501953125,29.864501953125,158.2689556509299,0
5264,0.3212890625,32.12890625,158.6037234042553,0
4907,0.29949951171875,29.949951171875,162.44141023028328,0
5045,0.30792236328125,30.792236328125,156.9280475718533,0
4921,0.30035400390625,30.035400390625,158.52469010363748,0
5161,0.31500244140625,31.500244140625,157.59852741716722,0
4689,0.28619384765625,28.619384765625,165.66133503945403,0
5006,0.3055419921875,30.55419921875,158.75649220934878,0
5223,0.31878662109375,31.878662109375,159.3833046142064,0
4995,0.30487060546875,30.487060546875,158.53173173173172,0
5241,0.31988525390625,31.988525390625,159.34878839916047,0
4945,0.30181884765625,30.181884765625,160.835187057634,0
5187,0.31658935546875,31.658935546875,160.86948139579718,0
4987,0.30438232421875,30.438232421875,159.86765590535393,0
6042,0.3687744140625,36.87744140625,154.70390599139358,0
6103,0.37249755859375,37.249755859375,163.18155005734886,0
6110,0.3729248046875,37.29248046875,151.24762684124386,0
6014,0.3670654296875,36.70654296875,163.0196208846026,0
6131,0.37420654296875,37.420654296875,158.92366661229815,0
6003,0.36639404296875,36.639404296875,160.96501749125437,0
5898,0.3599853515625,35.99853515625,155.04543913190912,0
5872,0.3583984375,35.83984375,156.625,0
5862,0.3577880859375,35.77880859375,165.9779938587513,0
6125,0.37384033203125,37.384033203125,166.1614693877551,0
5928,0.36181640625,36.181640625,165.68589743589743,0
5907,0.36053466796875,36.053466796875,166.20230235314034,0
6136,0.37451171875,37.451171875,165.79188396349414,0
6065,0.37017822265625,37.017822265625,163.96949711459192,0
6093,0.37188720703125,37.188720703125,156.56047923847038,0
6038,0.3685302734375,36.85302734375,168.64839350778402,0
6029,0.36798095703125,36.798095703125,168.70558965002488,0
5919,0.36126708984375,36.126708984375,171.58911978374726,0
6106,0.3726806640625,37.26806640625,152.21978381919425,0
6128,0.3740234375,37.40234375,155.3635770234987,0
6048,0.369140625,36.9140625,154.62979497354496,0
6026,0.3677978515625,36.77978515625,151.15449717889146,0
5907,0.36053466796875,36.053466796875,159.79905197223633,0
5779,0.35272216796875,35.272216796875,172.80532964180654,0
5654,0.3450927734375,34.50927734375,166.685178634595,0
5592,0.34130859375,34.130859375,164.48748211731044,0
6036,0.368408203125,36.8408203125,146.53081510934393,0
5997,0.36602783203125,36.602783203125,150.55210938802736,0
5931,0.36199951171875,36.199951171875,146.3240600236048,0
5958,0.3636474609375,36.36474609375,154.6604565290366,0
5999,0.36614990234375,36.614990234375,149.9601600266711,0
6112,0.373046875,37.3046875,131.52045157068062,0
5933,0.36212158203125,36.212158203125,150.4658688690376,0
5955,0.36346435546875,36.346435546875,145.58320738874895,0
5954,0.3634033203125,36.34033203125,144.40560967416863,0
5957,0.36358642578125,36.358642578125,140.6154104414974,0
5932,0.362060546875,36.2060546875,136.69706675657451,0
5999,0.36614990234375,36.614990234375,139.5632605434239,0
5934,0.3621826171875,36.21826171875,142.03623188405797,0
5899,0.36004638671875,36.004638671875,147.6465502627564,0
5976,0.36474609375,36.474609375,134.795515394913,0
5960,0.36376953125,36.376953125,134.76459731543625,0
5995,0.36590576171875,36.590576171875,134.7140950792327,0
6004,0.366455078125,36.6455078125,140.43187874750166,0
5958,0.3636474609375,36.36474609375,133.19234642497483,0
5940,0.362548828125,36.2548828125,128.6617845117845,0
5973,0.36456298828125,36.456298828125,140.7709693621296,0
5995,0.36590576171875,36.590576171875,148.51759799833195,0
5991,0.36566162109375,36.566162109375,145.39592722416958,0
5949,0.36309814453125,36.309814453125,147.86804504958818,0
5960,0.36376953125,36.376953125,145.5535234899329,0
6110,0.3729248046875,37.29248046875,149.4276595744681,0
6005,0.36651611328125,36.651611328125,146.8955870108243,0
5961,0.36383056640625,36.383056640625,147.7639657775541,0
6002,0.3663330078125,36.63330078125,148.69776741086304,0
5952,0.36328125,36.328125,151.08635752688173,0
5990,0.3656005859375,36.56005859375,147.45392320534225,0
6102,0.3724365234375,37.24365234375,147.4131432317273,0
5980,0.364990234375,36.4990234375,148.33979933110368,0
5948,0.363037109375,36.3037109375,150.74966375252185,0
6020,0.367431640625,36.7431640625,148.48023255813953,0
6000,0.3662109375,36.62109375,148.10133333333334,0
6064,0.3701171875,37.01171875,149.65831134564644,0
6046,0.3690185546875,36.90185546875,131.3066490241482,0
6074,0.3707275390625,37.07275390625,156.0898913401383,0
5960,0.36376953125,36.376953125,151.48355704697985,0
5940,0.362548828125,36.2548828125,150.41767676767677,0
6052,0.369384765625,36.9384765625,149.79444811632519,0
6062,0.3699951171875,36.99951171875,150.94787198944243,0
5995,0.36590576171875,36.590576171875,149.44053377814845,0
6079,0.37103271484375,37.103271484375,151.24000658002961,0
6028,0.367919921875,36.7919921875,152.01410086264102,0
6008,0.36669921875,36.669921875,152.2132157123835,0
5971,0.36444091796875,36.444091796875,151.21403450008373,0
5738,0.3502197265625,35.02197265625,160.60996863018474,0
6060,0.369873046875,36.9873046875,146.9490099009901,0
5962,0.3638916015625,36.38916015625,154.94230124119423,0
5937,0.36236572265625,36.236572265625,158.86609398686204,0
5965,0.36407470703125,36.407470703125,156.47292539815592,0
5945,0.36285400390625,36.285400390625,154.94819175777965,0
6011,0.36688232421875,36.688232421875,157.98186657794045,0
6006,0.3665771484375,36.65771484375,161.24808524808526,0
6029,0.36798095703125,36.798095703125,149.26754022225907,0
5959,0.36370849609375,36.370849609375,151.23175029367343,0
6084,0.371337890625,37.1337890625,149.03238001314924,0
5967,0.36419677734375,36.419677734375,154.67856544327134,0
5748,0.350830078125,35.0830078125,167.80671537926236,0
5642,0.3443603515625,34.43603515625,167.89524991137895,0
5850,0.3570556640625,35.70556640625,167.6063247863248,0
5689,0.34722900390625,34.722900390625,165.1729653717701,0
5707,0.34832763671875,34.832763671875,172.0995268967934,0
5265,0.32135009765625,32.135009765625,173.82203228869895,0
5258,0.3209228515625,32.09228515625,170.37732978318752,0
5306,0.3238525390625,32.38525390625,172.36769694685262,0
5586,0.3409423828125,34.09423828125,168.56659505907626,0
6055,0.36956787109375,36.956787109375,132.411230388109,0
5994,0.3658447265625,36.58447265625,130.97547547547546,0
6093,0.37188720703125,37.188720703125,142.43870014771048,0
6193,0.37799072265625,37.799072265625,151.3345712901663,0
6072,0.37060546875,37.060546875,157.05648880105403,0
5987,0.36541748046875,36.541748046875,168.60180390846836,0
5740,0.350341796875,35.0341796875,166.46010452961673,0
5718,0.3489990234375,34.89990234375,169.50629590766002,0
5930,0.3619384765625,36.19384765625,169.09747048903878,0
5754,0.3511962890625,35.11962890625,166.1654501216545,0
5867,0.35809326171875,35.809326171875,164.77160388614283,0
5558,0.3392333984375,33.92333984375,128.48470672903923,0
5601,0.34185791015625,34.185791015625,170.7270130333869,0
6134,0.3743896484375,37.43896484375,152.2308444734268,0
6098,0.3721923828125,37.21923828125,158.55329616267628,0
6075,0.37078857421875,37.078857421875,157.34502057613167,0
5734,0.3499755859375,34.99755859375,159.2886292291594,0
5706,0.3482666015625,34.82666015625,160.32229232386962,0
5715,0.34881591796875,34.881591796875,166.9713035870516,0
5406,0.3299560546875,32.99560546875,172.3564557898631,0
5454,0.3328857421875,33.28857421875,171.2838283828383,0
5406,0.3299560546875,32.99560546875,166.44654088050314,0
5182,0.3162841796875,31.62841796875,168.25974527209573,0
4709,0.28741455078125,28.741455078125,176.54300276067104,0
4752,0.2900390625,29.00390625,180.24978956228955,0
5246,0.3201904296875,32.01904296875,168.9738848646588,0
5325,0.32501220703125,32.501220703125,167.83605633802816,0
5620,0.343017578125,34.3017578125,162.21957295373664,0
5563,0.33953857421875,33.953857421875,161.10390077296424,0
5053,0.30841064453125,30.841064453125,165.61448644369682,0
5435,0.33172607421875,33.172607421875,166.30579576816928,0
5662,0.3455810546875,34.55810546875,164.06428823737195,0
5294,0.3231201171875,32.31201171875,164.84982999622213,0
5202,0.3175048828125,31.75048828125,172.1745482506728,0
5337,0.32574462890625,32.574462890625,171.47798388607833,0
5271,0.32171630859375,32.171630859375,170.47429330297857,0
5490,0.3350830078125,33.50830078125,169.74444444444444,0
5371,0.32781982421875,32.781982421875,166.46024948799106,0
5412,0.330322265625,33.0322265625,163.44456762749445,0
5410,0.3302001953125,33.02001953125,165.29316081330867,0
5494,0.3353271484375,33.53271484375,173.6219512195122,0
5634,0.3438720703125,34.38720703125,172.4797657082002,0
5360,0.3271484375,32.71484375,173.16940298507464,0
5659,0.34539794921875,34.539794921875,160.44654532602934,0
5706,0.3482666015625,34.82666015625,160.22888187872414,0
5816,0.35498046875,35.498046875,161.13136176066024,0
5530,0.3375244140625,33.75244140625,173.91591320072334,0
5422,0.3309326171875,33.09326171875,176.37292511988196,0
5519,0.33685302734375,33.685302734375,169.6200398622939,0
5486,0.3348388671875,33.48388671875,169.57637623040466,0
5601,0.34185791015625,34.185791015625,170.07766470273165,0
5539,0.33807373046875,33.807373046875,170.12691821628454,0
5529,0.33746337890625,33.746337890625,166.18827997829626,0
5508,0.336181640625,33.6181640625,164.33351488743645,0
